part_id,part_name,category,quantity,min_qty,max_qty,key_dimensions_mm,material_guess,source_drawing_ids,evidence_notes,confidence,open_questions,status
PRT-A-001,Large circular plate/disc,plate,1,1,1,unknown,bronze,DRW-001,Dominant circular plate visible in multiple rendered perspectives,medium,"Function, thickness, and exact diameter not legible",identified
PRT-A-002,Central shaft/hub,shaft,1,1,1,unknown,bronze,DRW-001,Cylindrical shaft/hub protrudes from plate toward gear subassembly,medium,Is shaft integral with plate or separate part?,identified
PRT-A-003,Small external gear,gear,1,1,1,unknown,bronze,DRW-001,Toothed wheel visible on attached subassembly,medium,Tooth count/module/face width not legible,identified
PRT-A-004,Gear support bracket/cage,other,1,1,1,unknown,bronze,DRW-001,Upright bracket-like structure supports/positions small gear,low,Single piece vs multi-part bracket unclear,inferred
PRT-A-005,Bracket fasteners/pins,fastener,,2,4,unknown,bronze or steel,DRW-001,At least two small cylindrical fastener/pin-like features visible,low,"Exact count/type (pins, screws, rivets) uncertain",needs_review
PRT-B-001,Large spoked ring wheel,gear,1,1,1,unknown,bronze,DRW-002,Dominant large wheel with clear outer teeth and spoke cutouts,medium,Exact tooth count and module not legible,identified
PRT-B-002,Cross-brace plate,plate,1,1,1,unknown,bronze,DRW-002,Diagonal/crossing brace spans the wheel interior and ties to center,medium,Single plate vs stacked plates unclear,identified
PRT-B-003,Central hub/axle carrier,shaft,1,1,1,unknown,bronze,DRW-002,Hub structure at wheel center supporting axle/gear interface,medium,May overlap with previously identified hub in DRW-001,needs_review
PRT-B-004,Small central pinion gear,gear,1,1,1,unknown,bronze,DRW-002,Small gear visible beneath/at center of wheel assembly,medium,Whether this is the same component as PRT-A-003 is unresolved,needs_review
PRT-B-005,Support stanchions/posts,other,,3,8,unknown,bronze,DRW-002;DRW-003,Vertical posts connect upper and lower structure across B and B1 views,medium,Confirm exact count and whether all posts are identical across both assemblies,inferred
PRT-B-006,Post fasteners/caps,fastener,,4,12,unknown,bronze or steel,DRW-002,Cap/screw-like features appear at tops and joints of posts,low,Fastener type/spec and total count unclear,needs_review
PRT-B1-001,Coaxial gear stack (set),gear,,4,10,unknown,bronze,DRW-003,Multiple distinct toothed discs visible in layered side profile,medium,Need top/section views to split into unique gear IDs and exact counts,inferred
PRT-B1-002,Top spindle/indicator shaft,shaft,1,1,1,unknown,bronze,DRW-003,Stepped vertical spindle rises above top plate,medium,Pointer/cap geometry not resolved from side view,identified
PRT-B1-003,Upper retaining plate/ring,plate,1,1,1,unknown,bronze,DRW-003,Thin upper plate spans over the gear stack and ties supports,medium,Could be segmented frame members instead of single plate,needs_review
PRT-B1-004,Lower base plate/ring,plate,1,1,1,unknown,bronze,DRW-003,Lower plate supports the stacked gears and frame,medium,May correspond to previously logged ring/plate from DRW-002,needs_review
PRT-B1-006,Axle spacers/washers,spacer,,2,10,unknown,bronze,DRW-003,Thin intermediate layers between gears suggest spacer elements,low,Could be gear hubs/flanges rather than separate spacers,needs_review
PRT-IP-001,Rectangular base plate,plate,1,1,1,unknown,bronze,DRW-004,Large rectangular plate visible in both top and underside views,high,Thickness and hole pattern dimensions not yet measured,identified
PRT-IP-002,Perimeter standoff posts,other,,4,8,unknown,bronze,DRW-004,Rectangular/cylindrical standoffs rise from plate corners/edges,medium,Exact count and post variants uncertain,inferred
PRT-IP-003,Circular ring track/annulus,gear,1,1,1,unknown,bronze,DRW-004,Large circular toothed/ring feature around central assembly,medium,"Whether fully toothed gear, ring track, or both is unresolved",needs_review
PRT-IP-004,Primary spur gear pair,gear,,2,3,unknown,bronze,DRW-004,Two to three meshing spur gears clearly visible near center-left,medium,Need higher fidelity views to split into unique gear IDs,inferred
PRT-IP-005,Secondary small pinion(s),gear,,1,3,unknown,bronze,DRW-004,Small pinion-like gears visible inboard of main pair,low,Could overlap with previously logged pinions from DRW-002/003,needs_review
PRT-IP-006,Central carrier hub,shaft,1,1,1,unknown,bronze,DRW-004,Central hub/axle region supports rotating elements and linkage,medium,Distinct part vs assembly of multiple collars unresolved,needs_review
PRT-IP-007,Through shaft or hand-input axle,shaft,1,1,1,unknown,bronze or steel,DRW-004,Long shaft protrudes below plate and through center area,high,"End interface details (handle, square, keyway) not legible",identified
PRT-IP-008,Retainers/washers/collars,spacer,,2,8,unknown,bronze or steel,DRW-004,Several thin ring-like elements around gear hubs and shaft,low,May be decorative chamfers/hubs instead of separate hardware,needs_review
PRT-COM-001,Plain wheel/disc blank,plate,1,1,1,unknown,bronze,DRW-005,Large plain circular disc with center bore shown as standalone part,medium,Whether this maps to an existing dial/wheel part is unresolved,needs_review
PRT-COM-002,Rectangular bracket/block,other,1,1,1,unknown,bronze,DRW-005,Box-like rectangular component with an underside tab/hook feature,medium,Mounting orientation and mating parts not yet identified,identified
PRT-COM-003,Link/tab plate,other,1,1,1,unknown,bronze,DRW-005,Small flat lever/tab with rounded pivot end and tapered arm,medium,"Function (lever, stop, latch) unclear",identified
PRT-COM-004,Stepped bushing/adapter,spacer,1,1,1,unknown,bronze,DRW-005,One larger stepped cylindrical bushing shown separately,medium,Could be hub adapter rather than spacer,needs_review
PRT-COM-005,Small collar bushing type A,spacer,,1,3,unknown,bronze,DRW-005,At least one short collar/bushing with central bore visible,medium,Exact count and variant family uncertain,inferred
PRT-COM-006,Small collar bushing type B,spacer,,1,3,unknown,bronze,DRW-005,Second collar-like geometry appears distinct from type A,low,May be same part shown from different orientation,needs_review
PRT-COM-007,Short straight pin/shaft,pin,,2,4,unknown,bronze or steel,DRW-005,Multiple short cylindrical pins/axles displayed on right and left,medium,Exact count and diameters not legible,identified
PRT-COM-008,Micro pin/set screw,fastener,,1,2,unknown,bronze or steel,DRW-005,Very small short cylindrical piece at lower-left appears separate hardware,low,Could be truncated view artifact rather than unique part,inferred
PRT-BP-001,Rear rectangular back plate,plate,1,1,1,unknown,bronze,DRW-006,Main rectangular plate shown in front and rear orientation,high,Plate thickness and full hole coordinates not measured,identified
PRT-BP-002,Corner/edge support posts,other,,6,8,unknown,bronze,DRW-006,Multiple stand-off posts visible around perimeter,medium,Confirm exact count and whether all post geometries match,inferred
PRT-BP-003,Upper spiral dial engraving region,pointer,1,1,1,unknown,engraving on bronze plate,DRW-006,Upper circular spiral scale/legend is integrated on plate face,medium,Whether represented as separate insert or pure engraving,needs_review
PRT-BP-004,Lower spiral dial engraving region,pointer,1,1,1,unknown,engraving on bronze plate,DRW-006,Lower circular spiral scale/legend visible on plate face,medium,Need clearer source to resolve exact ring segmentation,needs_review
PRT-BP-005,Upper dial indicator hub/pivot,shaft,1,1,1,unknown,bronze,DRW-006,Small central pivot/hub feature present within upper dial,medium,Pointer hand component not clearly separable in this view,identified
PRT-BP-006,Lower dial indicator hub/pivot,shaft,1,1,1,unknown,bronze,DRW-006,Small central pivot/hub feature present within lower dial,medium,Pointer hand component not clearly separable in this view,identified
PRT-BP-007,Back plate mounting fasteners,pin,,4,12,unknown,bronze or steel,DRW-006,Small cylindrical fastener/pin-like ends visible at support posts,low,Fastener type and count are uncertain,needs_review
PRT-CAL-001,Callippic rectangular plate,plate,1,1,1,unknown,bronze,DRW-007,Primary rectangular plate with hole pattern and mounted gear cluster,high,Confirm whether this is unique plate geometry or reuse of another plate,identified
PRT-CAL-002,Callippic perimeter standoffs,other,,6,8,unknown,bronze,DRW-007,Multiple vertical rectangular posts around plate perimeter,medium,Exact count and interchangeability with other standoff sets unresolved,inferred
PRT-CAL-003,Callippic large spur gear,gear,1,1,1,unknown,bronze,DRW-007,Largest gear in central 3-gear cluster,medium,Need tooth count/module,identified
PRT-CAL-004,Callippic intermediate spur gear,gear,1,1,1,unknown,bronze,DRW-007,Second gear meshing in cluster near center,medium,Could be same spec as small gear depending on unseen thickness,identified
PRT-CAL-005,Callippic small spur gear/pinion,gear,1,1,1,unknown,bronze,DRW-007,Smallest visible gear in central cluster,medium,Confirm whether this is distinct from previously logged pinions,needs_review
PRT-CAL-006,Gear carrier shafts/arbors,shaft,,2,3,unknown,bronze or steel,DRW-007,Vertical shafts support the callippic gears,medium,Need exact shaft count and whether stepped/shouldered,inferred
PRT-CAL-007,Callippic shaft retainers/collars,spacer,,2,6,unknown,bronze or steel,DRW-007,Small collar-like retainers visible at shaft tops/bases,low,May be integral shaft shoulders rather than separate parts,needs_review
PRT-DATE-001,Date dial base plate,plate,1,1,1,unknown,bronze,DRW-008,Rectangular date plate carrying ring and text panels,high,Overall dimensions and thickness not yet measured,identified
PRT-DATE-002,Date ring/scale annulus,pointer,1,1,1,unknown,engraving on bronze plate,DRW-008,Circular outer ring with dense date/scale markings,medium,Whether separate insert ring or integrated engraving remains unclear,needs_review
PRT-DATE-003,Central date wheel/spoked carrier,gear,1,1,1,unknown,bronze,DRW-008,Large central spoked circular element within date ring,medium,Toothing and drive interface details not fully visible,identified
PRT-DATE-004,Central hub and bore collar,shaft,1,1,1,unknown,bronze,DRW-008,Hub/collar at center of date wheel indicates axle interface,medium,Keyway/pin interface not legible,identified
PRT-DATE-005,Top inscription panel,plate,1,1,1,unknown,engraved bronze,DRW-008,Upper rectangular panel with engraved text columns,medium,Panel may be integrated into base plate rather than separate part,needs_review
PRT-DATE-006,Bottom inscription panel,plate,1,1,1,unknown,engraved bronze,DRW-008,Lower rectangular panel with engraved text columns,medium,Panel may be integrated into base plate rather than separate part,needs_review
PRT-DATE-007,Date marker pins/stops,pin,,2,6,unknown,bronze or steel,DRW-008,Small round marker-like features visible around date ring,low,Could include rendering markers or non-physical overlays,needs_review
PRT-DATE-008,Date plate corner fasteners,pin,,4,8,unknown,bronze or steel,DRW-008,Fastener-like holes/features at panel corners,low,May represent mounting holes without visible hardware,inferred
PRT-EXE-001,Exeligmos base plate,plate,1,1,1,unknown,bronze,DRW-009,Long rectangular plate with mounting/perforation pattern,high,Dimensions and hole spacing not yet measured,identified
PRT-EXE-002,Exeligmos primary spur gear,gear,1,1,1,unknown,bronze,DRW-009,Larger of the two visible gears in right-side cluster,medium,Tooth count/module not legible,identified
PRT-EXE-003,Exeligmos secondary spur gear/pinion,gear,1,1,1,unknown,bronze,DRW-009,Smaller meshing gear in right-side cluster,medium,May overlap with other small pinion IDs from related assemblies,needs_review
PRT-EXE-004,Exeligmos gear shafts/arbors,shaft,,2,3,unknown,bronze or steel,DRW-009,Vertical shaft elements visible through gear pair,medium,Exact shaft count and stepped profile uncertain,inferred
PRT-EXE-005,Exeligmos shaft collars/retainers,spacer,,1,4,unknown,bronze or steel,DRW-009,Collar-like ring elements visible around shaft/gear interfaces,low,Could be integral hub shoulders rather than separate parts,needs_review
PRT-EXE-006,Exeligmos plate fasteners/mount points,pin,,4,12,unknown,bronze or steel,DRW-009,Corner/perimeter mounting features present on plate,low,"Could represent holes only, without separate fastener parts",inferred
PRT-FP-001,Front dial base plate,plate,1,1,1,unknown,bronze,DRW-010,Primary front rectangular plate carrying dial and inscriptions,high,Dimensions and thickness not yet measured,identified
PRT-FP-002,Front circular scale annulus,pointer,1,1,1,unknown,engraving on bronze plate,DRW-010,Circular ring of graduations around front dial,medium,Separate ring insert vs integrated engraving unresolved,needs_review
PRT-FP-003,Front central dial wheel/spoked carrier,gear,1,1,1,unknown,bronze,DRW-010,Spoked circular element at dial center,medium,Drive tooth interface details not fully visible,identified
PRT-FP-004,Front pointer hub/axle mount,shaft,1,1,1,unknown,bronze,DRW-010,Central hub where pointer/axle appears mounted,medium,Pointer component separation from hub unclear,identified
PRT-FP-005,Front pointer hand,other,1,1,1,unknown,bronze,DRW-010,Needle-like indicator visible across the front dial,medium,Could be stylized rendering; verify true hand geometry,needs_review
PRT-FP-006,Upper front inscription panel,plate,1,1,1,unknown,engraved bronze,DRW-010,Upper inscription block with line text and markers,medium,May be integrated into base plate,needs_review
PRT-FP-007,Lower front inscription panel,plate,1,1,1,unknown,engraved bronze,DRW-010,Lower inscription block with line text and markers,medium,May be integrated into base plate,needs_review
PRT-FP-008,Front frame standoffs/posts,other,,4,10,unknown,bronze,DRW-010,Standoffs and angled supports visible between plates in assembly view,medium,Count and variants uncertain across assembly context,inferred
PRT-FP-009,Front plate mounting fasteners,pin,,4,12,unknown,bronze or steel,DRW-010,Corner/perimeter fastener-like features around front plate,low,Could represent mounting holes without hardware,inferred
PRT-FP-010,Secondary support plate (behind front dial),plate,1,1,1,unknown,bronze,DRW-010,Second plate visible behind front dial in exploded/assembly composition,medium,May duplicate another already-logged plate from adjacent subsystem,needs_review
PRT-HOU-001,Main housing frame/body,plate,1,1,1,unknown,wood or bronze-clad structure,DRW-011,Primary rectangular open-frame body of the mechanism case,high,Material appears wood-toned in render; true material stack uncertain,identified
PRT-HOU-002,Hinged housing door/panel,plate,1,1,1,unknown,bronze,DRW-011,Rectangular panel with dense inscription pattern mounted on hinge side,high,Panel thickness and exact fit tolerances unknown,identified
PRT-HOU-003,Door hinge set,fastener,,2,4,unknown,bronze or steel,DRW-011,At least two hinge plates visible along door edge,medium,Hinge pin size/style not legible,identified
PRT-HOU-004,Door latch/lock fitting,fastener,1,1,1,unknown,bronze or steel,DRW-011,Latch/lock-like feature visible on panel face/edge,medium,"Exact mechanism (key latch, clasp, pin) uncertain",needs_review
PRT-HOU-005,Housing side rails/guides,other,,2,4,unknown,wood or bronze,DRW-011,Linear rail-like elements visible along inner side walls,medium,Could be decorative rebates rather than separate rails,inferred
PRT-HOU-006,Housing corner joints/feet,other,,2,6,unknown,wood or bronze,DRW-011,Distinct corner/end joint geometry at base edges,low,May be integral body geometry rather than separate parts,needs_review
PRT-HOU-007,Panel inscription field,other,1,1,1,unknown,engraving on panel,DRW-011,Dense dot/character inscription block across door panel,medium,Text content not transcribed at current fidelity,identified
PRT-JUP-001,Jupiter circular carrier plate,plate,1,1,1,unknown,bronze,DRW-012,Primary circular plate with hole field and mounted gear train,high,Thickness and exact bore/hole map pending,identified
PRT-JUP-002,Jupiter central hub/axle mount,shaft,1,1,1,unknown,bronze,DRW-012,Raised central hub assembly present on both plate views,high,Internal bearing/collar breakup unresolved,identified
PRT-JUP-003,Jupiter large primary spur gear,gear,1,1,1,unknown,bronze,DRW-012,Largest visible gear in lower-left of main gear cluster,medium,Need tooth count/module,identified
PRT-JUP-004,Jupiter secondary spur gear set,gear,,3,5,unknown,bronze,DRW-012,Multiple medium/small gears mesh around the primary gear,medium,Need split into unique gear IDs when labels are legible,inferred
PRT-JUP-005,Jupiter upper plate sector gear/track,gear,1,1,1,unknown,bronze,DRW-012,Arc-like toothed/sector feature visible on upper plate view,medium,Could be ring sector rather than discrete gear,needs_review
PRT-JUP-006,Jupiter indicator posts with ball tips,other,,4,8,unknown,bronze plus marker tips,DRW-012,Several vertical posts with spherical tips around plate perimeter,medium,Color-coded balls may be rendering markers vs physical parts,needs_review
PRT-JUP-007,Jupiter gear shafts/arbors,shaft,,3,8,unknown,bronze or steel,DRW-012,Vertical shafts/pivots support gears and indicators,medium,Exact count and geometry variants not yet resolved,inferred
PRT-JUP-008,Jupiter collars/spacers,spacer,,2,10,unknown,bronze or steel,DRW-012,Ring-like retainers visible around shafts and hubs,low,Could be integral hubs/shoulders rather than separate parts,needs_review
PRT-JUP-009,Jupiter plate fasteners/mount points,pin,,4,16,unknown,bronze or steel,DRW-012,Numerous perimeter/interior mounting points visible,low,Presence of separate fastener hardware not confirmed,inferred
PRT-MAR-001,Mars circular carrier plate,plate,1,1,1,unknown,bronze,DRW-013,Main circular plate supporting Mars gear and indicator assembly,high,Full dimensional profile pending,identified
PRT-MAR-002,Mars central hub/axle mount,shaft,1,1,1,unknown,bronze,DRW-013,Raised central hub visible in both perspectives,high,Need split of hub/collar subcomponents,identified
PRT-MAR-003,Mars outer annular ring/scale,pointer,1,1,1,unknown,bronze with engraved marks,DRW-013,Large outer ring with visible scale markings encircling assembly,medium,Ring may be separate part or linked frame element,needs_review
PRT-MAR-004,Mars primary spur gear,gear,1,1,1,unknown,bronze,DRW-013,Largest spur gear in lower gear cluster,medium,Tooth count/module unknown,identified
PRT-MAR-005,Mars secondary spur gear set,gear,,3,6,unknown,bronze,DRW-013,Multiple meshing secondary gears visible around primary gear,medium,Requires labeled view to split into unique gear IDs,inferred
PRT-MAR-006,Mars indicator arms/link bars,other,,3,6,unknown,bronze,DRW-013,Radial/diagonal arms connect center region to outer ring/markers,medium,Some links may be decorative/rendering simplifications,needs_review
PRT-MAR-007,Mars indicator posts with color markers,other,,4,10,unknown,bronze plus marker tips,DRW-013,Vertical posts with colored spherical tips around perimeter,medium,Marker spheres may not be physical hardware,needs_review
PRT-MAR-008,Mars gear shafts/arbors,shaft,,3,10,unknown,bronze or steel,DRW-013,Shaft elements support gears and indicators through plate,medium,Exact count and stepped geometries unresolved,inferred
PRT-MAR-009,Mars collars/spacers,spacer,,2,12,unknown,bronze or steel,DRW-013,Spacer/collar-like rings visible at shaft and hub interfaces,low,Could be integral hubs rather than separate parts,needs_review
PRT-MAR-010,Mars plate mount points/fasteners,pin,,4,16,unknown,bronze or steel,DRW-013,Perimeter and interior mount-point features present,low,Cannot confirm separate fastener components from current view,inferred
PRT-MER-001,Mercury outer annular gear ring,gear,1,1,1,unknown,bronze,DRW-014,Large outer toothed ring forming assembly perimeter,high,Tooth count/module pending,identified
PRT-MER-002,Mercury inner spoked carrier wheel,gear,1,1,1,unknown,bronze,DRW-014,Inner large spoked wheel inside annular ring,high,Confirm whether outer ring and inner wheel are coaxially coupled,identified
PRT-MER-003,Mercury central shaft and hub stack,shaft,1,1,1,unknown,bronze/steel mixed,DRW-014,Prominent central vertical shaft with stacked collar/hub features,high,"Need split into shaft, bushings, and bearings if separate",identified
PRT-MER-004,Mercury upper bridge/cross plate,plate,1,1,1,unknown,bronze,DRW-014,Rectangular bridge plate spans across center and mounts pivots,medium,Single-piece vs multi-plate sandwich unresolved,identified
PRT-MER-005,Mercury large driven spur gear,gear,1,1,1,unknown,bronze,DRW-014,Large upper gear visible under/next to bridge plate,medium,May be planet-specific gear with label not fully legible,identified
PRT-MER-006,Mercury secondary spur/pinion set,gear,,2,6,unknown,bronze,DRW-014,Additional smaller gears visible near center underside,medium,Need decomposition into unique gear IDs,inferred
PRT-MER-007,Mercury linkage arms,other,,2,6,unknown,bronze,DRW-014,Slender link bars connect lower pivots and bridge-mounted points,medium,Some links may be duplicated mirror parts,inferred
PRT-MER-008,Mercury indicator posts with marker tips,other,,4,10,unknown,bronze plus marker tips,DRW-014,Vertical posts with colored spherical tips on/near upper structure,medium,Marker spheres may be visual accents rather than physical hardware,needs_review
PRT-MER-009,Mercury support stanchions,other,,4,10,unknown,bronze,DRW-014,Perimeter stanchions support elevated components above ring,medium,Exact count and shared geometry with other planet modules unknown,inferred
PRT-MER-010,Mercury shafts/arbors and pivots,shaft,,4,12,unknown,bronze or steel,DRW-014,Multiple pivot and shaft elements carry gears and links,medium,Need exact split by function,inferred
PRT-MER-011,Mercury collars/spacers/washers,spacer,,3,14,unknown,bronze or steel,DRW-014,Numerous ring-like collars around pivots and shafts,low,Could be integral shoulders rather than discrete spacers,needs_review
PRT-MER-012,Mercury fasteners/mount points,pin,,6,20,unknown,bronze or steel,DRW-014,Many hole and cap-like mount features on bridge and ring,low,Hardware vs unfilled holes not distinguishable from current render,inferred
PRT-MET-001,Metonic base plate,plate,1,1,1,unknown,bronze,DRW-015,Rectangular plate with central hole field and perimeter mounts,high,Full hole coordinate map not yet captured,identified
PRT-MET-002,Metonic perimeter mounting tabs/standoffs,other,,6,8,unknown,bronze,DRW-015,Raised mounting tab/standoff features around plate perimeter,medium,Confirm count and whether tabs are separate fastened parts,inferred
PRT-MET-003,Metonic primary drive gear,gear,1,1,1,unknown,bronze,DRW-015,Larger visible gear in compact right-side cluster,medium,Tooth count/module unknown,identified
PRT-MET-004,Metonic secondary pinion gear,gear,1,1,1,unknown,bronze,DRW-015,Smaller gear meshing with primary in right-side cluster,medium,May overlap other pinion IDs from date/callippic assemblies,needs_review
PRT-MET-005,Metonic pointer/crank arm,other,1,1,1,unknown,bronze,DRW-015,Elongated arm attached to top of gear stack,medium,Could be hand/pointer rather than crank depending on downstream connection,needs_review
PRT-MET-006,Metonic gear arbor/shaft,shaft,,1,3,unknown,bronze or steel,DRW-015,Vertical shaft supports right-side gear pair and arm,medium,Exact shaft segmentation unresolved,inferred
PRT-MET-007,Metonic hub collars/retainers,spacer,,1,6,unknown,bronze or steel,DRW-015,Small ring-like hubs/collars visible near central mount points,low,May be integrated shoulders not separate spacers,needs_review
PRT-MET-008,Metonic plate fasteners/mount points,pin,,6,18,unknown,bronze or steel,DRW-015,Multiple screw/fastener-like points across plate and tabs,low,Could include empty holes without hardware,inferred
PRT-MOO-001,Moon dial base plate,plate,1,1,1,unknown,bronze,DRW-016,Primary rectangular moon plate carrying dial and annotations,high,Dimensions and full hole map pending,identified
PRT-MOO-002,Moon outer scale annulus,pointer,1,1,1,unknown,engraved bronze,DRW-016,Outer concentric ring with dense graduations/labels,medium,Separate ring insert vs integrated engraving unresolved,needs_review
PRT-MOO-003,Moon inner scale ring,pointer,1,1,1,unknown,engraved bronze,DRW-016,Inner circular scale surrounding central mechanism,medium,Need clearer source for exact segmentation,needs_review
PRT-MOO-004,Moon central hub/dome assembly,shaft,1,1,1,unknown,bronze,DRW-016,Prominent central raised dome/hub with axle interface,high,May decompose into multiple stacked components,identified
PRT-MOO-005,Moon radial pointer arms,other,,3,8,unknown,bronze,DRW-016,Multiple radial pointer/arm elements extending across dial,medium,Exact number and whether all arms are functional pointers unclear,inferred
PRT-MOO-006,Moon indicator post set with marker tips,other,,6,14,unknown,bronze plus marker tips,DRW-016,Numerous short posts with colored spherical tips around inner ring,medium,Colored spheres may be visualization aids rather than physical parts,needs_review
PRT-MOO-007,Moon ring-drive gear train (hidden/partial),gear,,2,8,unknown,bronze,DRW-016,Gear-like toothed interfaces visible around central/inner ring regions,medium,Precise gear count and identities not visible in this single perspective,inferred
PRT-MOO-008,Moon bridge/support standoffs,other,,2,8,unknown,bronze,DRW-016,Raised supports visible between upper dial assembly and lower plate,medium,May overlap with generic frame standoff family,inferred
PRT-MOO-009,Moon inscription panels (upper/lower),plate,2,2,2,unknown,engraved bronze,DRW-016,Two rectangular text panel regions above and below dial,medium,Likely integrated with plate but tracked separately for documentation,needs_review
PRT-MOO-010,Moon mount points/fasteners,pin,,6,20,unknown,bronze or steel,DRW-016,Multiple mount/fastener-like points on plate edges and dial area,low,Cannot distinguish hardware from empty holes in current render,inferred
PRT-NOD-001,Node outer annular ring,gear,1,1,1,unknown,bronze,DRW-017,Large toothed outer ring at assembly perimeter,high,Tooth count/module pending,identified
PRT-NOD-002,Node lower carrier plate/spoked frame,plate,1,1,1,unknown,bronze,DRW-017,Lower spoked plate/frame supports gears and posts,high,Confirm segmentation vs single piece,identified
PRT-NOD-003,Node central shaft and hub stack,shaft,1,1,1,unknown,bronze or steel,DRW-017,Tall central shaft with stacked hub/collar elements,high,"Split into shaft, sleeves, and bearings if separate",identified
PRT-NOD-004,Node upper radial pointer arms,other,,3,6,unknown,bronze,DRW-017,Long radial arms at top around central hub,medium,Exact arm count and symmetry need confirmation,inferred
PRT-NOD-005,Node marker tip set,other,,2,8,unknown,colored marker tips,DRW-017,Colored spherical tips appear on upper arm extensions,low,May be non-physical visual markers,needs_review
PRT-NOD-006,Node primary spur gear pair,gear,,2,4,unknown,bronze,DRW-017,At least two large meshing gears visible in lower cluster,medium,Need per-gear IDs and tooth counts,inferred
PRT-NOD-007,Node secondary pinion/stack gears,gear,,2,8,unknown,bronze,DRW-017,Additional smaller gears stacked near center,medium,Could overlap with shared gear family from other planet modules,needs_review
PRT-NOD-008,Node support stanchions/posts,other,,4,10,unknown,bronze,DRW-017,Vertical posts support upper frame/bridge,medium,Count and interchangeability unresolved,inferred
PRT-NOD-009,Node bridge/frame bars,plate,,1,4,unknown,bronze,DRW-017,Horizontal frame bars connecting stanchions across center,medium,Could be integral with plate in final decomposition,needs_review
PRT-NOD-010,Node collars/spacers/washers,spacer,,3,14,unknown,bronze or steel,DRW-017,Ring-like collars around shafts and pivots,low,Could be integral shoulders rather than separate components,needs_review
PRT-NOD-011,Node mount points/fasteners,pin,,6,24,unknown,bronze or steel,DRW-017,Multiple mount and cap-like features on frame and ring,low,Fasteners vs empty mounting holes unresolved,inferred
PRT-OLY-001,Olympiad scale strip/base plate,plate,1,1,1,unknown,bronze,DRW-018,Long narrow strip-like plate with repeated linear scale marks,high,Exact slot/mark spacing not measured,identified
PRT-OLY-002,Olympiad central shaft/arbor,shaft,1,1,1,unknown,bronze or steel,DRW-018,Single vertical shaft mounted near strip center,high,Need full shaft profile (diameter steps/length),identified
PRT-OLY-003,Olympiad central spur gear,gear,1,1,1,unknown,bronze,DRW-018,Spur gear mounted around central shaft,medium,Tooth count/module not legible,identified
PRT-OLY-004,Olympiad top cap/knob,other,1,1,1,unknown,bronze,DRW-018,Cap or handle-like top fitting on shaft,medium,Could be retainer nut rather than functional knob,needs_review
PRT-OLY-005,Olympiad shaft collar/retainer,spacer,,1,3,unknown,bronze or steel,DRW-018,Collar-like ring at shaft/gear interface,low,May be integral shoulder in shaft model,needs_review
PRT-OLY-006,Olympiad strip mounting points,pin,,2,8,unknown,bronze or steel,DRW-018,Potential mount holes/features along strip length,low,Hardware presence cannot be confirmed from render,inferred
PRT-SAR-001,Saros upper dial plate,plate,1,1,1,unknown,bronze,DRW-019,Upper rectangular plate carrying two large circular dial fields,high,Full dimensions and hole map pending,identified
PRT-SAR-002,Saros left circular scale ring,pointer,1,1,1,unknown,engraved bronze,DRW-019,Left circular graded ring with pointer region,medium,Need clear legend transcription,needs_review
PRT-SAR-003,Saros right circular scale grid,pointer,1,1,1,unknown,engraved bronze,DRW-019,Right dense cell-based circular scale,medium,Cell labels/symbols not legible enough for extraction,needs_review
PRT-SAR-004,Saros dial pointer hand,other,1,1,1,unknown,bronze,DRW-019,Pointer arm visible on left dial,medium,Could be one of multiple hands depending on hidden layer,identified
PRT-SAR-005,Saros central dial pivots/hubs,shaft,,2,4,unknown,bronze or steel,DRW-019,Pivot/hub features visible at centers of both dials,medium,Separate shafts vs integrated pivots unresolved,inferred
PRT-SAR-006,Saros lower support plate,plate,1,1,1,unknown,bronze,DRW-019,Lower rectangular plate shown beneath dial plate,high,May overlap with previously logged back/base plates,needs_review
PRT-SAR-007,Saros drive gear cluster,gear,,2,5,unknown,bronze,DRW-019,Small cluster of meshing gears on lower plate,medium,Requires split into unique gear IDs and tooth counts,inferred
PRT-SAR-008,Saros standoff post set,other,,6,10,unknown,bronze,DRW-019,Vertical standoffs separate upper and lower plates,medium,Exact count and interchangeability unresolved,inferred
PRT-SAR-009,Saros standoff caps/fasteners,fastener,,6,16,unknown,bronze or steel,DRW-019,Cap-like fastener features at tops of standoffs,low,Could be stylized caps rather than separate hardware,needs_review
PRT-SAR-010,Saros plate mount points,pin,,6,24,unknown,bronze or steel,DRW-019,Numerous hole/mount points visible across both plates,low,Hardware presence cannot be confirmed from render,inferred
PRT-SAT-001,Saturn dial base plate,plate,1,1,1,unknown,bronze,DRW-020,Rectangular front plate carrying Saturn dial and inscriptions,high,Overall dimensions and hole map pending,identified
PRT-SAT-002,Saturn circular scale annulus,pointer,1,1,1,unknown,engraved bronze,DRW-020,Outer circular ring with gradations around front dial,medium,Separate ring insert vs integrated engraving unresolved,needs_review
PRT-SAT-003,Saturn central spoked dial wheel,gear,1,1,1,unknown,bronze,DRW-020,Spoked circular wheel at front dial center,medium,Drive tooth details unclear,identified
PRT-SAT-004,Saturn front pointer hub and hand,shaft,1,1,1,unknown,bronze,DRW-020,Central hub and short hand-like indicator on front dial,medium,Pointer and hub may be separate parts,needs_review
PRT-SAT-005,Saturn inscription panels (upper/lower),plate,2,2,2,unknown,engraved bronze,DRW-020,Upper and lower text blocks on front plate,medium,Likely integrated into same plate but tracked as functional regions,needs_review
PRT-SAT-006,Saturn rear circular gear mounting region,plate,1,1,1,unknown,bronze,DRW-020,Rear circular mounting area hosting compact gear set,medium,Could be part of base plate rather than separate insert,needs_review
PRT-SAT-007,Saturn rear primary spur gears,gear,,2,4,unknown,bronze,DRW-020,Two larger gears visible in rear circular cluster,medium,Need split into unique IDs/tooth counts,inferred
PRT-SAT-008,Saturn rear secondary pinions/gears,gear,,2,8,unknown,bronze,DRW-020,Additional smaller gears and link elements in rear cluster,medium,May overlap shared gear family from other planet modules,needs_review
PRT-SAT-009,Saturn rear gear pivots/arbors,shaft,,3,10,unknown,bronze or steel,DRW-020,Multiple pivots/shafts support rear gear cluster,medium,Exact count and step profiles unresolved,inferred
PRT-SAT-010,Saturn mount points/fasteners,pin,,6,20,unknown,bronze or steel,DRW-020,Mount and fastener-like points on both front and rear views,low,Cannot confirm hardware presence from current render,inferred
PRT-SUN-001,Sun front dial base plate,plate,1,1,1,unknown,bronze,DRW-021,"Rectangular front plate carrying dial, inscriptions, and indicators",high,Plate dimensions and hole map pending,identified
PRT-SUN-002,Sun outer annular scale ring,pointer,1,1,1,unknown,engraved bronze,DRW-021,Outer concentric ring with scale graduations,medium,Integrated engraving vs separate ring unresolved,needs_review
PRT-SUN-003,Sun inner scale ring,pointer,1,1,1,unknown,engraved bronze,DRW-021,Inner circular scale around center mechanism,medium,Legend transcription not possible at current fidelity,needs_review
PRT-SUN-004,Sun central hub and pointer boss,shaft,1,1,1,unknown,bronze,DRW-021,Central hub stack with pointer attachment point,high,Decompose into shaft/collar subparts later,identified
PRT-SUN-005,Sun pointer/hand set,other,,2,8,unknown,bronze,DRW-021,Multiple radial pointer arms visible on front dial,medium,Exact count and independent motion unclear,inferred
PRT-SUN-006,Sun marker post set with colored tips,other,,6,16,unknown,bronze plus marker tips,DRW-021,Numerous short posts with colored spherical markers around dial,medium,Colored tips may be non-physical visualization markers,needs_review
PRT-SUN-007,Sun rear spoked drive wheel,gear,1,1,1,unknown,bronze,DRW-021,Large rear spoked wheel/disc with toothed perimeter,medium,Need tooth count/module,identified
PRT-SUN-008,Sun rear internal gear cluster,gear,,2,8,unknown,bronze,DRW-021,Multiple gears visible beneath rear spoked wheel,medium,Requires decomposition into unique gear IDs,inferred
PRT-SUN-009,Sun rear support standoffs/posts,other,,4,10,unknown,bronze,DRW-021,Vertical supports between plate levels in rear view,medium,Count and interchangeability unresolved,inferred
PRT-SUN-010,Sun pivots/arbors and shafts,shaft,,4,12,unknown,bronze or steel,DRW-021,Shafts and pivots support front indicators and rear gears,medium,Need exact split by function,inferred
PRT-SUN-011,Sun collars/spacers/washers,spacer,,3,16,unknown,bronze or steel,DRW-021,Ring-like collars at shafts and hubs,low,Could be integral shoulders in model,needs_review
PRT-SUN-012,Sun mount points/fasteners,pin,,6,24,unknown,bronze or steel,DRW-021,Mount points visible across front and rear plate views,low,Fasteners vs empty holes unresolved,inferred
PRT-SPP-001,Superior planet upper plate,plate,1,1,1,unknown,bronze,DRW-022,Upper rectangular plate supporting the superior-planet gear module,high,Dimensions and full hole map pending,identified
PRT-SPP-002,Superior planet lower backing plate,plate,1,1,1,unknown,bronze,DRW-022,Lower rectangular backing/base plate beneath standoffs,high,May overlap with shared base plates in related modules,needs_review
PRT-SPP-003,Superior plate standoff set,other,,4,8,unknown,bronze,DRW-022,Vertical standoffs separating upper and lower plates,medium,Exact count and interchangeability unresolved,inferred
PRT-SPP-004,Circular gear mounting ring/field,plate,1,1,1,unknown,bronze,DRW-022,Circular inset area containing major gear train,medium,Could be integral to upper plate rather than separate insert,needs_review
PRT-SPP-005,Primary superior drive gears,gear,,3,6,unknown,bronze,DRW-022,Larger gears in main superior-planet cluster,medium,Need split into unique gear IDs/tooth counts,inferred
PRT-SPP-006,Secondary superior pinions,gear,,2,8,unknown,bronze,DRW-022,Smaller pinions and intermediate gears around primary set,medium,Could overlap shared planet gear family,needs_review
PRT-SPP-007,Bridge bars/link plates,other,,2,5,unknown,bronze,DRW-022,Bridge-like bars crossing over the gear cluster,medium,Could be one multi-hole plate plus one link,inferred
PRT-SPP-008,Gear shafts/arbors and pivots,shaft,,4,14,unknown,bronze or steel,DRW-022,Multiple shafts/pivots support gears and links,medium,Exact count and profile segmentation unresolved,inferred
PRT-SPP-009,Collars/spacers/washers,spacer,,3,16,unknown,bronze or steel,DRW-022,Ring-like collars at gear and shaft interfaces,low,May be integral shoulders not separate parts,needs_review
PRT-SPP-010,Mount points/fasteners,pin,,6,24,unknown,bronze or steel,DRW-022,Mounting holes and cap-like features across plates,low,Cannot confirm hardware presence from rendered view,inferred
PRT-VEN-001,Venus front dial base plate,plate,1,1,1,unknown,bronze,DRW-023,Rectangular front plate carrying Venus dial and inscriptions,high,Plate dimensions and hole map pending,identified
PRT-VEN-002,Venus outer annular scale ring,pointer,1,1,1,unknown,engraved bronze,DRW-023,Outer circular graduated ring around Venus dial,medium,Integrated engraving vs separate annulus unresolved,needs_review
PRT-VEN-003,Venus inner scale ring,pointer,1,1,1,unknown,engraved bronze,DRW-023,Inner ring scale around central mechanism,medium,Legend transcription not possible at current fidelity,needs_review
PRT-VEN-004,Venus central hub and pointer boss,shaft,1,1,1,unknown,bronze,DRW-023,Central hub stack where pointer/axle interfaces,high,Decompose into shaft/collar/bearing elements later,identified
PRT-VEN-005,Venus pointer/hand set,other,,2,8,unknown,bronze,DRW-023,Multiple radial pointer arms visible on front dial,medium,Exact count and independent motion uncertain,inferred
PRT-VEN-006,Venus marker post set with colored tips,other,,6,16,unknown,bronze plus marker tips,DRW-023,Short posts with colored spherical tips distributed around dial,medium,Colored spheres may be visualization markers rather than physical parts,needs_review
PRT-VEN-007,Venus rear spoked drive wheel,gear,1,1,1,unknown,bronze,DRW-023,Large rear spoked wheel/disc with toothed perimeter,medium,Need tooth count/module,identified
PRT-VEN-008,Venus rear internal gear cluster,gear,,2,8,unknown,bronze,DRW-023,Multiple gears visible beneath rear spoked wheel,medium,Requires decomposition into unique gear IDs,inferred
PRT-VEN-009,Venus rear support standoffs/posts,other,,4,10,unknown,bronze,DRW-023,Vertical supports between rear plate levels,medium,Count and geometry variants unresolved,inferred
PRT-VEN-010,Venus pivots/arbors and shafts,shaft,,4,12,unknown,bronze or steel,DRW-023,Shaft/pivot elements carry front indicators and rear gears,medium,Need exact split by function,inferred
PRT-VEN-011,Venus collars/spacers/washers,spacer,,3,16,unknown,bronze or steel,DRW-023,Ring-like collars at shaft and hub interfaces,low,Could be integral shoulders,needs_review
PRT-VEN-012,Venus mount points/fasteners,pin,,6,24,unknown,bronze or steel,DRW-023,Mount-point and cap-like features on front/rear assemblies,low,Fasteners vs empty holes unresolved,inferred
